{
    "Model": "LightGBM",
    "Best Parameters": {
        "learning_rate": 0.1,
        "max_depth": 6,
        "n_estimators": 200,
        "num_leaves": 31
    },
    "Accuracy": 0.99625,
    "Precision": 0.9986684420772304,
    "Recall": 0.9973404255319149,
    "F1 Score": 0.998003992015968,
    "ROC AUC": 0.9997783687943262
}